{"cameraMode":{"drawMode":0,"name":"Shaded","section":"Shading Mode"},"sceneLighting":true,"audioPlay":false,"sceneViewState":{"showFog":true,"showMaterialUpdate":false,"showSkybox":true,"showFlares":true,"showImageEffects":true,"showParticleSystems":true},"in2DMode":false,"pivot":{"x":10.915077209472657,"y":1.7699562311172486,"z":-4.913926601409912},"rotation":{"x":-0.08979542553424835,"y":0.9091520309448242,"z":-0.2637057602405548,"w":-0.30957892537117007},"size":48.556671142578128,"orthographic":false}